"1","1","-","Ecole Catholique","CEPE","1975"
"2","1","-","CollÃ¨ge MASCA","BEPC","1979"
"3","1","-","LycÃ©e Moderne Ampefiloha","BACC D","1982"
"4","1","-","Ankatso","1Â°AnnÃ©e EESS Science","1985"
"5","2","-","EPP VOHIBOZA ANPANDRANA TANA","CEPE","1973"
"6","2","-","CEG TSIMBAZAZA TANA","BEPC","1979"
"7","2","-","COLLEGE AMBOHIJATOVO AVARATRA ","BAC A2","1983"
"8","3","-","-","BEPC","1983"
"9","4","-","-","CEPE","1975"
"10","4","-","-","BEPC","1980"
"11","4","-","-","BAE","1983"
"12","5","1","EPP Ambohimanarivo","CEPE","1971"
"13","6","2","EPP Mahatsinjo","CEPE","2000"
"14","7","-","ECOLE PRIVEE LMS Ilanivato","CEPE","1970"
"15","7","-","LycÃ©e Moderne de Madagascar","BEPC","1975"
"16","8","EPP","Antsiranana I la viziÃ¨rie","CEPE","1982"
"17","8","CEG","Antsiranana I rue FranÃ§ois de MAHY","BEPC","1987"
"18","9","-","EPP Behenjy","CEPE","1975"
"19","9","-","ADAMA","DACTYLO","0000"
"20","9","-","ADAMA","ComptabilitÃ©","1985"
"21","9","-","ADAMA","Technique de SecrÃ©tariat","1985"
"22","12","CEG","CEG Ambohimiadana","BEPC","2002"
"23","13","EPP","EPP AMBOHINJANAHARY","CEPE","1990"
"24","13","CEG","CEG TSIMBAZAZA TANA","BEPC","1995"
"25","13","lycee ","lycee andohalo razanamparany","equivalence bacc certificat  comptable","2010"
"26","14","CEG","CEG TAMATAVE","CEPE","1997"
"27","15","-","ECOLE ANTSO","CEPE","1988"
"28","16","-","CEG Ampangabe","BEPC","2000"
"29","17","-","Ecole Mahitsy","CEPE","2001"
"30","17","-","Ecole Mahitsy","BEPC","2008"
"31","17","-","LycÃ©e Moderne Mahitsy","BAC A2","2008"
"32","17","-","UPRIM Analakely","Communication","0000"
"33","17","-","GSI Analakely","Informatique/Bureautique","2013"
"34","18","-","-","-","0000"
"35","18","-","Saint/JEAN","CEPE","0000"
"36","18","-","Saint/JEAN","BEPC","0000"
"37","19","Primaire","EPP Ambohimiandra Tsiroanomandidy","CEPE","1994"
"38","19","CollÃ¨ge","CEG Fenoarivo be","BEPC","1999"
"39","19","lycee","LAA LP ELITE","BAC ","2005"
"40","19","UniversitÃ©","FacultÃ© des sciences","DUES1","2006"
"41","19","UniversitÃ©","FacultÃ© des sciences","DUESII","2008"
"42","19","UniversitÃ©","FacultÃ© des sciences","Licence","2009"
"43","19","UniversitÃ©","FacultÃ© des sciences","Maitrise","2010"
"44","19","UniversitÃ©","FacultÃ© des sciences DEGS","AEA","2011"
"45","20","Primaire","Saint Joseph de Cluny Ambatonilita","CEPE","2000"
"46","20","CollÃ¨ge","Marie manjaka Andohalo","BEPC","2004"
"47","20","lycee","Sainte famille Mahamasina","BAC","2007"
"48","20","UniversitÃ©","ENI Fianarantsoa","Licence","2010"
"49","20","UniversitÃ©","ENI Fianarantsoa","Maitrise","2013"
"50","21","CollÃ¨ge","Ecole Jolie Coccinelle","CEPE","0000"
"51","21","CollÃ¨ge","Ecole Chaperon Rouge","BEPC","0000"
"52","21","Institut","Sainte famille Mahamasina","BAC C","0000"
"53","21","Institut","ESP BIG","DTS","2012"
"54","21","Institut","ESP BIG","Certificat 3Ã¨me annÃ©e","2013"
"55","21","Formation","MDN","Attestation de stage ","2014"
"56","21","Formation","ETEC","Licence","2015"
"57","22","Primaire","EPP Flacourt Ambavahadimitafo","CEPE","2000"
"58","22","CollÃ¨ge","SPAA Ambojatovo Avaratra","BEPC","2004"
"59","22","lycee","LycÃ©e Andohalo","BAC A2","2006"
"60","22","Institut","IS Info Ampasamadinika","Analyste programeur","2008"
"61","22","Institut","IS Info Ampasamadinika","Licence","2010"
"62","23","LycÃ©e","LycÃ©e Ankadifotsy","BAC C","2005"
"63","23","UniversitÃ©","Ankatso","LIPSS ","2009"
"64","24","CollÃ¨ge","Ecole Marie TherÃ¨se","CEPE","1998"
"65","24","CollÃ¨ge","Champagnat","BEPC","2002"
"66","24","LycÃ©e","LMA","BAC D","2006"
"67","24","UniversitÃ©","Ankatso","DEUG","2008"
"68","24","UniversitÃ©","Ankatso","Licence en Gestion","2009"
"69","24","UniversitÃ©","Ankatso","Maitrise","2011"
"70","24","Formation","MFPTLS","Attestation de stage","2011"
"71","24","Formation","MDF","Certificat","2012"
"72","24","Formation","Assist Development","Attestation de stage","2013"
"73","24","Formation","TELMA","Attestation de stage","2013"
"74","25","CollÃ¨ge","sainte TherÃ¨se","CEPE","1995"
"75","25","CollÃ¨ge","Saint Joseph ","BEPC","1999"
"76","25","LycÃ©e","LycÃ©e Mixte","BAC","2004"
"77","25","Institut","IKSM","Licence en science marine","2008"
"78","25","Institut","CCI DiÃ©go","hotellerie et tourisme","2010"
"79","25","Formation","MNP Antsiranana","Attestation de stage","2008"
"80","25","Formation","Hotel FIRDOSS","Attestation de stage","2009"
"81","27","Primaire","CollÃ¨ge Sainte Chantal","CEPE","2002"
"82","27","CollÃ¨ge","CollÃ¨ge Sainte Chantal","BEPC","2005"
"83","27","Secondaire","LycÃ©e technique Commercial","BEP","2007"
"84","27","Secondaire","LycÃ©e technique Commercial","BAC G3","2007"
"85","27","UniversitÃ©","BTS/LTC","BTS","2009"
"86","27","Institut","IMGAM","Licence","2010"
"87","27","Formation","Stage OMDA","Attestation de stage","2008"
"88","27","Formation","Orange","Attestation de stage","2009"
"89","28","EPP","EPP Ambatomaro","CEPE","1989"
"91","30","-","epp Catholique Soavina","CEPE","2001"
"92","30","-","CP Zoara Ampanefy ","BEPC","2005"
"93","30","-","LycÃ©e Zoara Fiononana","BACC","2008"
"94","31","-","-","-","0000"
"95","31","Primaire","Anne Marie Javouhey","CEPE","1974"
"96","31","Secondaire","CEG Ampefiloha","BEPC","1982"
"98","34","-","-","-","0000"
"99","35","-","Ecole Catholique N/B","CEPE","1995"
"100","35","-","CEG Hell-ville","BEPC","2006"
"101","35","-","Cobara Hell-ville","BACC","2006"
"102","36","Primaire","EPP Maroantsetra","CEPE","1994"
"103","36","CollÃ¨ge","CEG Maroantsetra","BEPC","1998"
"104","36","CollÃ¨ge","CollÃ¨ge Zanatany Maroantsetra","BAC","2005"
"105","36","UniversitÃ©","UniversitÃ© de Toamasina","Licence en Gestion","2008"
"106","37","Primaire","EPP Andapa Sud","CEPE","2003"
"107","37","CollÃ¨ge","CEG Ambohipo","BEPC","2008"
"108","37","UniversitÃ©","ACCEM Analakely","BAC","2010"
"109","37","Formation","Info-flash Andravoahangy","Certificat en Informatique","2010"
"110","37","Formation","Info-flash Andravoahangy","Certificat en dactylo","2010"
"111","38","Primaire","EPP Mahazoarivo Antsirabe","CEPE","1982"
"112","38","CollÃ¨ge","CEG Antsirabe Soamalaza","BEPC","1986"
"113","39","Primaire","EPP Mahitsy","CEPE","1982"
"114","39","CollÃ¨ge","CEG Antsirabe Soamalaza","BEPC","1986"
"115","39","lycee","LycÃ©e AndrÃ© Resampa Antsirabe I","BAC","1992"
"116","40","CollÃ¨ge","Saint Pierre mandoto","CEPE","2002"
"117","40","CollÃ¨ge","Saint Pierre mandoto","BEPC","2006"
"118","40","CollÃ¨ge","Saint Pierre mandoto","BACC","2009"
"119","40","Institut","INPF Ivato","DTS","2012"
"120","41","Primaire","EPP Ampasamasay Fort-dauphin","CEPE","1987"
"121","41","CEG","CEG Fort-dauphin","BEPC","1995"
"122","41","CollÃ¨ge","Sacre-coeur Fort-dauphin","BAC A2","2003"
"123","41","Institut","ISM TsaralalÃ na","DACTYLO","2004"
"124","41","Institut","ISM TsaralalÃ na","ACCESS","2004"
"125","41","Institut","ISM TsaralalÃ na","SAGE SAARI","2005"
"126","41","Formation","ISM TsaralalÃ na","Informatique","2005"
"127","41","Institut","ISM TsaralalÃ na","DTS","2006"
"128","42","CollÃ¨ge","Saint Vincent de Paul Fort-dauphin","CEPE","1994"
"129","42","CollÃ¨ge","Sainte famille Mahamasina","BEPC","1998"
"130","42","CollÃ¨ge","Sainte famille Mahamasina","BACC","2001"
"131","42","UniversitÃ©","Ankatso","DEUG en droit","2003"
"132","42","UniversitÃ©","Ankatso","Licence en droit","2004"
"133","42","UniversitÃ©","Ankatso","Maitrise en droit","2005"
"134","42","UniversitÃ©","Ankatso","IEJ diplome de 3Ã¨me cycle","2008"
"135","43","CollÃ¨ge","sainte therÃ¨se","CEPE","1997"
"136","43","CollÃ¨ge","Saint JEAN","BEPC","2002"
"137","43","LycÃ©e","LycÃ©e VICTOR Miadana","BAC","2005"
"138","43","UniversitÃ©","UniversitÃ© Fianarantsoa","DEUG","2008"
"139","43","UniversitÃ©","UniversitÃ© Fianarantsoa","Licence","2010"
"140","43","UniversitÃ©","UniversitÃ© Fianarantsoa","Maitrise","2011"
"141","44","CollÃ¨ge","Saint Louis III Manakambahiny","CEPE","1998"
"142","44","CEG","CEG Avaradoha","BEPC","2002"
"143","44","LycÃ©e","LycÃ©e Andohalo","BACC","2005"
"144","44","UniversitÃ©","Ankatso","Licence es lettre","2009"
"145","45","CollÃ¨ge","saint Joseph Antsirabe","CEPE","1997"
"146","45","CollÃ¨ge","PROVIDENCE Antsirabe","BEPC","2002"
"147","45","LycÃ©e","CollÃ¨ge privÃ© LuthÃ©rien Mangarivotra","BAC","2007"
"148","45","UniversitÃ©","Alliance franÃ§aise","DELF","2007"
"149","45","UniversitÃ©","Ankatso","Licence professionnelle en travail social","2011"
"150","46","CollÃ¨ge","Ecole privÃ©e RANAIVO","CEPE","2000"
"151","46","Institut","Instittut Sainte Famille Mahamasina","BEPC","2004"
"152","46","LycÃ©e","Instittut Sainte Famille Mahamasina","BAC A2","2007"
"153","46","UniversitÃ©","Ankatso","Licence en Philosophie","2011"
"154","46","UniversitÃ©","Ankatso","Maitrise","2014"
"155","47","CollÃ¨ge","EPP Ambohimasoa","CEPE","1989"
"156","47","CollÃ¨ge","CEG Ambohimasoa","BEPC","1995"
"157","47","LycÃ©e","LycÃ©e Jean Ralaimongo Fianarantsoa","BAC","2002"
"158","47","UniversitÃ©","UniversitÃ© de Toamasina","DEG1","2003"
"159","47","UniversitÃ©","UniversitÃ© de Toamasina","Licence en Economie","2007"
"160","47","UniversitÃ©","UniversitÃ© de Toamasina","DEG2","2005"
"161","47","UniversitÃ©","UniversitÃ© de Toamasina","Master I en Economie","2010"
"162","47","UniversitÃ©","UniversitÃ© de Toamasina","Master II ","2013"
"163","48","EPP","EPP Besarety","CEPE","1976"
"164","48","CEG","CEG Nosy be Hell ville","BEPC","1981"
"165","48","COLLEGE","LycÃ©e RABEHARIVELO","BAC D","1986"
"166","48","ECOLE","Ecole RAZANAPARANY","SecrÃ©taire comptable","1992"
"167","48","ECOLE","ELI","certificat anglais","1999"
"168","48","ECOLE","Univers Info","certificat informatique","2005"
"169","49","-","Alliance franÃ§aise","DELF ","2008"
"170","49","-","Hossen Memorial  Sckool","BAC","2008"
"171","49","-","Saint Joseph d'Antsirabe","Licence","2011"
"175","51","-","-","-","0000"
"176","52","Primaire","EPP Ampamantanana","CEPE","2005"
"177","52","Secondaire","CEG TSIMBAZAZA TANA","BEPC","2009"
"178","53","-","saint  LOUIS","CEPE","1988"
"179","53","-","Saint/JOSEPH ANDOHALO","BEPC","1993"
"180","54","-","Sainte famille Sahavato","CEPE","0000"
"181","54","-","CEG Ambalavao","BEPC","2011"
"185","56","-","COLLEGE S/TE vincent de Paul","BEPC","2005"
"186","56","-","LycÃ©e Raharivelo Ramamamonjyjy","BACC","2011"
"187","57","-","Sainte famille Sahavato","CEPE","1996"
"188","57","-","Sainte famille Sahavato","BEPC","2004"
"189","57","-","Marie Mpanampy Soanierana","BACC","2013"
"190","58","-","EPP Tsianolondroa F/ntsoa","CEPE","1979"
"191","58","-","CEG Mahamanina F/ntsoa","BEPC","1983"
"192","59","Primaire","EPP Ambohimasoa","CEPE","1989"
"193","59","CollÃ¨ge","CEG Ambohimasoa","BEPC","1995"
"194","59","LycÃ©e","LycÃ©e Jean Ralaimongo Fianarantsoa","BAC","2002"
"195","59","UniversitÃ©","UniversitÃ© de Toamasina","DEG1","2003"
"196","59","UniversitÃ©","UniversitÃ© de Toamasina","DEG2","2005"
"197","59","UniversitÃ©","UniversitÃ© de Toamasina","Licence","2007"
"198","59","UniversitÃ©","UniversitÃ© de Toamasina","Maitrise","2010"
"199","59","UniversitÃ©","UniversitÃ© d'Antananarivo","Master II","2013"
"200","59","Formation","DIPECHO III","attestation","2013"
"201","59","Formation","programme SALOHI CRS","attestation","2013"
"202","59","Formation","Entreprise FALY Fianarantsoa","attestation","2012"
"203","59","Formation","ministÃ¨re de centre malagasy des cannes et du suc","attestation","2009"
"204","59","Formation","GTDR Toamasina","attestation","2009"
"205","59","Formation","JIRAMA Toamasina","attestation","2009"
"206","60","CollÃ¨ge","Saint Joseph ambohimahasoa","CEPE","1992"
"207","60","CollÃ¨ge","Saint Joseph ambohimahasoa","BEPC","1998"
"208","60","LycÃ©e","lycÃ©e ambohimahasoa","BAC","2003"
"209","60","UniversitÃ©","UniversitÃ© de Toamasina","bac +2","2005"
"210","60","UniversitÃ©","UniversitÃ© de Toamasina","Licence","2006"
"211","60","UniversitÃ©","UniversitÃ© de Toamasina","C2 de maitrise","2007"
"212","60","Institut","price group","Certificat en Informatique","2010"
"213","60","Institut","institut ravinala","certificat en anglais","2012"
"214","61","CollÃ¨ge","collÃ¨ge maria mpanampy","CEPE","1999"
"215","61","CollÃ¨ge","CEG TSIMBAZAZA TANA","BEPC","2004"
"216","61","Institut","CFP Antaninandro","BAC","2007"
"217","61","UniversitÃ©","UniversitÃ© d'Antananarivo","DEUG","2010"
"218","61","UniversitÃ©","UniversitÃ© d'Antananarivo","Licence","2011"
"219","61","UniversitÃ©","universitÃ© de rennes I France","Licence","2011"
"220","61","UniversitÃ©","UniversitÃ© d'Antananarivo","Maitrise","2012"
"221","62","CollÃ¨ge","Le Petit Nid","CEPE","0000"
"222","62","CollÃ¨ge","Le Petit Nid","BEPC","0000"
"223","62","CollÃ¨ge","Sainte famille Mahamasina","BAC","0000"
"224","62","LycÃ©e","BTS/LTC Ampefiloha","BTS","0000"
"225","63","Primaire","EPP Valpinson Toamasina","CEPE","1997"
"226","63","CollÃ¨ge","CEG Radama I Toamasina","BEPC","2001"
"227","63","LycÃ©e","lycÃ©e technique professionnel tamatave","BACC Technique G2","2004"
"228","63","UniversitÃ©","UniversitÃ© de Toamasina","BAC + 2 en Gestion","2007"
"229","64","Primaire","EPP Ampahimanga","CEPE","2001"
"230","64","CEG","CEG Ampahimanga","BEPC","2005"
"231","64","LycÃ©e","LycÃ©e Arivonimamo","BAC A2","2008"
"232","64","UniversitÃ©","Ankatso","DEUG","2010"
"233","64","UniversitÃ©","Ankatso","Licence en Gestion","2011"
"234","64","UniversitÃ©","Ankatso","Maitrise en Gestion","2013"
"235","64","stage","SMTP Finance","Attestation de stage","2013"
"236","64","stage","ECM Cabinet Comptable","-","2014"
"237","64","stage","SCRIPTURA Cabinet comptable","-","2015"
"238","65","Primaire","EPP Volosarika","CEPE","1999"
"239","65","CEG","CEG Antanimbarinandriana","BEPC","2004"
"240","65","LycÃ©e","LTC Ampefiloha","BTS","2007"
"241","65","LycÃ©e","LTC Ampefiloha","BAC PRO G2","2007"
"242","65","UniversitÃ©","Cntemad","DTS en Gestion","2009"
"243","65","UniversitÃ©","Cntemad","Licence en Gestion","2010"
"244","65","UniversitÃ©","Cntemad","Maitrise en Economie Gestionnaire","2011"
"245","65","UniversitÃ©","Cntemad","Maitrise en Economie Gestionnaire","0000"
"246","65","stage","sociÃ©tÃ© de Transit talatamaty","Attestation de stage","2013"
"251","67","-","Lycee Philbert Tsiranana","BACC","2010"
"252","67","-","ISIME","DTS","2013"
"253","67","-","ISIME","Licence","2015"
"254","68","-","EPP Ambohintsoa","CEPE","0000"
"255","68","-","CEG Ambohimiandra","BEPC","0000"
"256","69","-","Epp Fenoarivo","CEPE","1975"
"257","70","-","-","-","0000"
"258","71","-","EPP Vohibola","CEPE","1975"
"259","71","-","CEG TSIMBAZAZA TANA","BEPC","0000"
"260","72","-","Antsirabe","CEPE","1985"
"261","72","-","CEG Antsirabe Soamalaza","BEPC","1989"
"262","72","-","Lycee  Antsirabe","BACC","1995"
"263","72","-",,,"0000"
"264","73","-","-","-","0000"
"265","74","-","EPP Ankadinandriana","CEPE","0000"
"266","75","-","Saint Joseph ","CEPE","2002"
"267","75","-","Saint R.","BEPC","2008"
"268","75","-","Lycee  Mixte de VohÃ©mar","BACC","2012"
"269","75","-","UniversitÃ© PrivÃ©e EMGAM","BACC+1","2013"
"270","76","-","EPP Soanierana F/D","CEPE","2002"
"271","76","-","Saint/JOSEPH ANDOHALO","BEPC","2009"
"272","77","-","CollÃ¨ge Charles Renel M/nga","CEPE","1997"
"273","77","-","CollÃ¨ge Charles Renel M/nga","BEPC","2002"
"274","77","-","LycÃ©e  privÃ©e Galo Antsirabe","BACC","2006"
"275","77","-","UniversitÃ© de Majunga","DTS","2008"
"276","78","-","LycÃ©e moderne de Mahintsy","CEPE","2000"
"277","78","-","LycÃ©e moderne de Mahintsy","BEPC","2005"
"278","78","-","LycÃ©e moderne de Mahintsy","BACC","2009"
"279","78","-","UPRIM Analakely","BACC+2","2012"
"280","79","-","EPP Ambodiangezoka","CEPE","1999"
"281","79","-","EPP Ambodiangezoka","CEPE","1999"
"282","79","-","CEG  d'Andapa","BEPC","2002"
"283","79","-","Saint/JEAN d'Antalaha","BACC","2005"
"284","80","-","CEG Mahajengy Fianarantsoa","BEPC","2001"
"285","80","-","LycÃ©e Raherivelo Ramamonjy F/tsoa","BACC","2004"
"286","80","-","Ecole  SupÃ©rieure SpÃ©cialisÃ©e du Vakinankaratra","DTS","2007"
"290","82","-","CollÃ¨ge Sainte Chantalle","BEPC","0000"
"291","82","-","LycÃ©e TÃ©chnique Commerciale","BACC","0000"
"292","83","-","Candidat libre ","BACC","1992"
"293","84","-","Saint Louis III Manakambahiny","CEPE","1999"
"294","84","-","CEG Avaradrova","BEPC","2003"
"295","84","-","LycÃ©e Gallienie","BACC","2009"
"296","84","-","CNTEMAD","BACC+1","2011"
"297","85","-","LTP Ã  Mahamasina","BAE","2001"
"298","85","-","LTP Ã  Mahamasina","BT","2001"
"299","85","-","LTP Ã  Mahamasina","BT Projecteur","2001"
"300","86","CollÃ¨ge","Ste ThÃ©rese AMBATONDRAZAKA","CEPE","1996"
"301","86","CEG","CEG RAZAKA AMBATONDRAZAKA","BEPC","2001"
"302","86","LycÃ©e","lycÃ©e INA Ambatondrazaka","BAC","2006"
"303","86","UniversitÃ©","UniversitÃ© d'Antananarivo","Licence es lettre","2010"
"304","86","UniversitÃ©","FLSH Antananarivo","Maitrise","2014"
"305","87","CollÃ¨ge","EP Victor Amboatavo Itaosy","CEPE","1998"
"306","87","CollÃ¨ge","EP Victor Amboatavo Itaosy","BEPC","2001"
"307","87","CollÃ¨ge","EP Victor Amboatavo Itaosy","BACC","2005"
"308","87","Institut","IFT Antananarivo","BACC+2","2007"
"309","87","Institut","ISCAM Ankadifotsy","BACC+3","2013"
"310","87","UniversitÃ©","CNAM Paris","BACC+3","2014"
"311","88","CollÃ¨ge","EP Minoharisoa","CEPE","2003"
"312","88","CEG","CEG Manandriana","BEPC","2007"
"313","88","LycÃ©e","LP MASCA","BAC A2","2009"
"314","88","UniversitÃ©","UPRIM Analakely","DTS en droit","2012"
"315","88","UniversitÃ©","UPRIM Analakely","Licence en droit","2013"
"316","89","Primaire","EPP Bernard Camut","CEPE","1999"
"317","89","CEG","CEG Antanimena","BEPC","2003"
"318","89","LycÃ©e","LycÃ©e Jules Ferry","BACC","2007"
"319","89","Formation","Cours Aceem","DTS en commerce","2009"
"320","89","Institut","LABO LANGUE Soanierana","certificat en anglais","2012"
"321","90","Institut","Institution PÃ¨re BarrÃ©","CEPE","2000"
"322","90","Institut","Institution PÃ¨re BarrÃ©","BEPC","2005"
"323","90","Institut","Institution PÃ¨re BarrÃ©","BAC","2008"
"324","90","Institut","IMGAM","BACC+3","2014"
"325","91","CollÃ¨ge","EP Santa Maria","CEPE","0000"
"326","91","CollÃ¨ge","CEG Antanimena","BEPC","0000"
"327","91","LycÃ©e","lycÃ©e RASALIMO","BAC","1992"
"328","91","Institut","ELI","certificat en anglais","1993"
"329","91","Institut","CCA","certificat en anglais","1994"
"330","91","Institut","Black Lemur Forest Project","certificat en anglais","1997"
"331","91","Institut","ISSUP","Licence","2010"
"332","92","Primaire","EPP Antanambao","CEPE","1992"
"333","92","CEG","CEG Maroantsetra","BEPC","1997"
"334","93","CollÃ¨ge","CP Manakara","CEPE","2003"
"335","93","CollÃ¨ge","CP Manakara","BEPC","2007"
"336","93","lycee","LycÃ©e Movily Manakara","BACC","2010"
"337","93","Institut","ESSCA","DTS","2013"
"338","93","Institut","ESSCA","Licence","2014"
"339","94","CollÃ¨ge","LycÃ©e Saint Joseph Ampahibe","CEPE","2002"
"340","94","CollÃ¨ge","LycÃ©e Saint Joseph Ampahibe","BEPC","2006"
"341","94","LycÃ©e","Sekoly loterianina farimbona","BACC","2010"
"342","94","Institut","ESSVA Antsirabe","Licence","2014"
"343","95","CollÃ¨ge","Saint Jean d'Arc Mahajanga","CEPE ","1997"
"344","95","CollÃ¨ge","La pepiniÃ¨re Ankadivato","BEPC","2003"
"345","95","LycÃ©e","La pepiniÃ¨re Ankadivato","BACC","2006"
"346","95","Institut","INTH ","BACC+3","2011"
"347","96","-","EPP Isoanala","CEPE","1998"
"348","96","-","CEG Isoanala","BEPC","2003"
"349","96","-","LycÃ©e Betroka","BACC","2005"
"350","96","-","INSPNMAD Tananarivo","DTS","2011"
"351","97","-","EPP Anosizato Est","CEPE","1999"
"352","97","-","CEG Anosizato ","BEPC","2003"
"353","97","-","LycÃ©e Moderne Ampefiloha","BACC","2006"
"354","97","-","ESCAM Ambaranjana","BACC+2","2009"
"355","98","-","Saint/JOSEPH Atsiranana","BEPC","1995"
"356","98","-","LycÃ©e ZAFY Albert","BACC","1997"
"357","99","-","Bel Air","CEPE","2005"
"358","99","-","Baby bercail","BEPC","2008"
"359","99","-","LycÃ©e PrivÃ©e ACCEM","BACC","2012"
"360","100","-","EPP Ã  Mahamasina","CEPE","1978"
"361","100","-","CEG Ã  Toliara","BEPC","1984"
"362","100","-","LycÃ©e Ã  Antsirabe","BACC","2010"
"363","101","-","EPP 67 Ha","CEPE","1986"
"364","101","-","Sacre-coeur Toliary","BEPC","1990"
"365","101","-","ACEEM Ã  Majunga","BACC","1994"
"366","102","-","EPP 67 Ha","CEPE","0000"
"367","102","-","CEG Charles Renel","BEPC","0000"
"368","103","-","EPP Tanambe","CEPE","1999"
"369","103","-","CEG Nanisana","BEPC","2003"
"370","103","-","RASALAMA Ambatondrazaka","BACC","2007"
"371","104","-","EPP Ankadinandriana","CEPE","1988"
"372","105","-","ESCA ","CEPE","2002"
"373","105","-","CEG Faliarivo","BEPC","2006"
"374","105","-","LTP Speed","BEP","2008"
"375","105","-","ACEEM","BACC","2011"
"376","106","-","EPP Bevaro","CEPE","2003"
"377","106","-","CEG Fotodrevo","BEPC","2007"
"378","106","-","LycÃ©e Ampanihy Ouest","BACC","2010"
"379","107","-","Ampitatafika","CEPE","2002"
"380","107","-","CEG Faliarivo","BEPC","2006"
"381","107","-","LMA","BACC","2009"
"382","108","-","Analamahintsy","CEPE","1991"
"383","108","-","Analamahintsy","BEPC","1996"
"384","108","-","LycÃ©e Rabearivelo","BACC","1999"
"385","108","-","UniversitÃ© PrivÃ©e ","BACC+2","2010"
"389","110","-","EPP Ambohipo","CEPE","2000"
"390","110","-","CEG Avaradrova","BEPC","2005"
"391","110","-","ACEEM","BACC","2009"
"392","111","-","-","-","0000"
"393","112","-","EPP Betongolo","CEPE","1992"
"394","112","-","CEG Nanisana","BEPC","1997"
"395","112","-","LycÃ©e Nanisana","BACC","2002"
"396","113","-","Notre Dame Fenerive-Est","CEPE","2006"
"397","113","-","CEG RHO Tamatave","BEPC","2011"
"398","113","-","LycÃ©e TÃ©chnique P. Tamatave","BEP","2014"
"399","113","-","LycÃ©e TÃ©chnique P. Tamatave","BACC","2014"
"400","114","-","Institution Faneva","CEPE","1973"
"401","115","-","CollÃ¨ge Adventiste Tanjombato","CEPE","1975"
"402","116","-","-","-","0000"
"403","117","-","EPP Vohitsara Vatomandry","CEPE","1981"
"404","117","-","CEG Vohitsara Vatomandry","BEPC","1987"
"405","118","COLLEGE","collÃ¨ge Technique Mixte Ampefiloha","BEP","2003"
"406","118","LycÃ©e","LTC Ampefiloha","BAC G2","1999"
"407","118","CollÃ¨ge","CollÃ¨ge St Joseph Mahamasina","BEPC","1996"
"408","119","COLLEGE","CollÃ¨ge Fanomezantsoa","CEPE","1991"
"409","119","COLLEGE","CEG Nanisana","BEPC","1995"
"410","119","LycÃ©e","LTP Ampasapito","FPQ","2008"
"411","120","primaire","EPP Fenoarivo","CEPE","1975"
"412","121","primaire","CEG Antanimena","CEPE","1983"
"413","121","LycÃ©e","LycÃ©e Faravohitra","BAC","1992"
"414","122","COLLEGE","Les Poussins Ambatolampy","CEPE","2001"
"415","122","LycÃ©e","LycÃ©e PrivÃ©e ACEEM","BEPC","2004"
"416","122","LycÃ©e","LTC Ampefiloha","BPFQ","2006"
"417","122","LycÃ©e","LTC Ampefiloha","BEP","2007"
"418","122","LycÃ©e","LTC Ampefiloha","BAC","2007"
"419","122","UniversitÃ©","DEGS Ankatso","BAC +2","2009"
"420","122","UniversitÃ©","DEGS Ankatso","BAC+3","2010"
"421","122","UniversitÃ©","DEGS Ankatso","BAC+4","2013"
"428","124","COLLEGE","CollÃ¨ge Anne Marie Javouhery","CEPE","2003"
"429","124","COLLEGE","CollÃ©ge Stella Marus","BEPC","2008"
"430","124","COLLEGE","CollÃ©ge Stella Marus","BAC","2011"
"431","124","Institut","CNTEMAD","DTS","2014"
"432","125","COLLEGE","MIARIZAKA Ambatondrazaka","CEPE","1997"
"433","125","COLLEGE","CEG RAZAKA Ambatondrazaka","BEPC","2001"
"434","125","LycÃ©e","LycÃ©e RANOHAVIMANANA Norbert Ambatondrazaka","BAC","2005"
"435","125","Institut","IFT Antananarivo","BAC+4","2011"
"436","126","COLLEGE","SE.VE.MA","CEPE","1999"
"437","126","COLLEGE","SE.VE.MA","BEPC","1999"
"438","126","LycÃ©e","LycÃ©e Technique","BAE Aide Comptable","2001"
"439","126","LycÃ©e","LycÃ©e Technique","Brevet Technique","2002"
"440","126","LycÃ©e","LycÃ©e Technique","BAC G2","2002"
"441","126","UniversitÃ©","universitÃ© MORA Antsiranana ","DEUG","2004"
"442","126","UniversitÃ©","universitÃ© MORA Antsiranana ","Licence en Gestion","2005"
"443","127","Primaire","EPP Ampasaniratsarahoby","CEPE","1988"
"444","127","CEG","CEG Avaradoha","BEPC","1993"
"445","127","LycÃ©e","LycÃ©e JJ Rabearivelo","BACC","1997"
"446","127","UniversitÃ©","CNTeMAD","BACC+3","2006"
"447","128","CollÃ¨ge","CollÃ¨ge catholique","CEPE","1992"
"448","128","CollÃ¨ge","CollÃ¨ge catholique","BEPC","1996"
"449","129","CollÃ¨ge","Ecole Notre Dame FÃ©nÃ©rive-Est","CEPE","1984"
"450","129","CollÃ¨ge","Ecole Notre Dame FÃ©nÃ©rive-Est","BEPC","1989"
"451","129","LycÃ©e","LycÃ©e Jules Ferry","BACC","1994"
"452","129","Institut","ISFC","BACC+2","2003"
"453","130","CollÃ¨ge","Ecole PERE BARRE TulÃ©ar","CEPE","1983"
"454","130","CollÃ¨ge","Ecole PERE BARRE TulÃ©ar","BEPC","1986"
"455","130","CollÃ¨ge","CollÃ¨ge SacrÃ© coeur tulÃ©ar","BACC","1992"
"456","130","Formation","EP supÃ©rieur agricole","DTS","1999"
"457","130","Formation","EP supÃ©rieur agricole","Licence","0000"
"458","131","-","-","-","0000"
"459","132","-","-","-","0000"
"460","133","-","Epp Tsarahonenanana","CEPE","1992"
"461","133","-","CEG Nanisana","BEPC","1996"
"462","133","-","LycÃ©e Nanisana","BACC","2000"
"463","134","-","-","-","0000"
"464","135","-","-","-","0000"
"465","136","-","CollÃ¨ge Fianarantsoa","CEPE","1997"
"466","136","-","CollÃ¨ge Fianarantsoa","BEPC","2004"
"467","137","-","EPP Antsalova","CEPE","2000"
"468","137","-","CEG Antsalova","BEPC","2005"
"469","138","-","Beraketa","CEPE","1988"
"470","139","-","Ecole Faravohitra","CEPE","1998"
"471","140","-","EPP Maroantsetra","CEPE","0000"
"472","141","-","EPP Ambohitseheno","CEPE","1983"
"473","141","-","CEG Ambohitseheno","BEPC","1988"
"474","142","-","EPP Ambohimanarina","CEPE","1992"
"475","143","-","EPP Ambohitrambo","CEPE","1985"
"476","144","-","EPP Manjakandriana","CEPE","2007"
"477","145","-","EPP Ambodin'Isotry","CEPE","1991"
"478","145","-","CEG 67 Ha","BEPC","1996"
"479","146","-","Ecole PrivÃ©e Fanilontsaina","CEPE","1995"
"480","146","-","LycÃ©e PrivÃ©e Andrianarisoa ","BEPC","1999"
"481","147","-","EPP Soanierana ","CEPE","2000"
"482","147","-","CEG TSIMBAZAZA TANA","BEPC","2005"
"483","148","-","CollÃ¨ge Marie Mpanampy","CEPE","1981"
"484","148","-","IEN Anosy","BEPC","1995"
"485","148","-","ACEEM","BACC","1998"
"486","149","-","Sainte Etienne Ambanidia","CEPE","1995"
"487","150","-","CollÃ¨ge PrivÃ©e Diavolana","CEPE","0000"
"488","151","-"," EPP Arivonimamo","CEPE","1979"
"489","151","-","CEG Arivonimamo","BEPC","1989"
"490","152","-","-","CEPE","1994"
"491","153","-","-","CEPE","1975"
"492","154","-","-","CEPE","1976"
"493","155","-","CMC Mahamasina","CEPE","1972"
"494","156","-","-","CEPE","0000"
"495","157","-","KMM Soanierana","CEPE","1973"
"496","158","-","-","-","0000"
"497","159","-","FrÃ¨re Louis Rafiringa","CEPE","1970"
"498","159","-","FrÃ¨re Louis Rafiringa","BEPC","1974"
"499","160","-","EPP Tanambao Manakara","CEPE","1979"
"500","160","-","CEG Manakara","BEPC","1983"
"501","160","-","LycÃ©e Manakara","BACC","1987"
"502","161","-","St Joseph","CEPE","2003"
"503","161","-","Ste Chantale","BEPC","2007"
"504","161","-","Candidat libre","BACC","2013"
"505","162","-","EPP Amparafaravola","CEPE","1989"
"506","162","-","CEG TSIMBAZAZA TANA","BEPC","1992"
"507","163","-","Ste TherÃ¨se Antsirabe","CEPE","1986"
"508","163","-","Ste TherÃ¨se Antsirabe","BEPC","1991"
"509","164","-","EPP Iavoloha","CEPE","2004"
"510","165","-","EPP Mandritsara","CEPE","1993"
"511","166","-","EPP Maurice Gyo TIVE","CEPE","1987"
"512","167","-","EPP Iavoloha","CEPE","2000"
"513","168","-","EPP Anosibe","CEPE","0000"
"514","169","-","EPP Nidiambola","CEPE","2006"
"515","169","-","CEG Mahasoabe","BEPC","2010"
"516","170","-","-","CEPE","0000"
"518","170","-","-","BEPC","0000"
"519","171","-","CPM Manakara","CEPE","2000"
"520","171","-","CEG Manakara","BEPC","2005"
"522","171","-","Azarie Antananarivo","BACC","2011"
"523","174","-","Les Petit Princes","CEPE","2002"
"524","174","-","LycÃ©e Ambohimamory","BEPC","2006"
"525","174","-","LMA","BACC","2009"
"527","175","CollÃ¨ge","Ste Chantale Soanierana","CEPE","1974"
"528","175","CollÃ¨ge","Ste Chantale Soanierana","BEPC","1978"
"529","175","CollÃ¨ge","Ste Famille Mahamasina","BAC A2","1982"
"530","176","Primaire","EPP Flacourt Ambavahadimitafo","CEPE","1973"
"531","176","CollÃ¨ge","CEG Avaradoha","BEPC","1977"
"532","176","LycÃ©e","LycÃ©e Andohalo","BAC A2","1979"
"533","176","LycÃ©e","LycÃ©e Andohalo","BAC D","1981"
"534","177","CollÃ¨ge","Ecole PrivÃ©e Rasalama","CEPE","1975"
"535","177","CollÃ¨ge","Ecole PrivÃ©e Rasalama","BEPC","1980"
"536","177","CollÃ¨ge","Ecole PrivÃ©e Rasalama","PrÃ© BAC","1983"
"537","177","LycÃ©e","LycÃ©e Andohalo","BACC D","1984"
"538","177","LycÃ©e","LTRR","ComptabilitÃ©","1987"
"539","178","Primaire","EPP Ambodifotitra Ste Marie","CEPE","1968"
"540","179","Primaire","EPP Analamahitsy","CEPE","1979"
"541","179","CollÃ¨ge","CEG Analamahitsy","BEPC","1985"
"542","179","Formation","CFP Ampasampito","BEP","2005"
"543","181","Institut","Institution Faneva","CEPE","1973"
"544","181","LycÃ©e","Renel RAKOTOBE","ComptabilitÃ©","1996"
"545","182","CollÃ¨ge","Sainte famille Mahamasina","CEPE","1990"
"546","182","CEG","CEG Alasora","BEPC","1993"
"547","182","CollÃ¨ge","CollÃ¨ge Rasalama","BAC A1","1999"
"548","182","Formation","ftm aMBANIDIA","PAO","2010"
"549","183","Primaire","EPP Pointe Tonio Toamasina","CEPE","1975"
"550","183","LycÃ©e","Toamasina ","BEPC ","1981"
"551","184","CollÃ¨ge","-","CEPE","0000"
"552","184","CollÃ¨ge","-","BEPC","0000"
"553","184","LycÃ©e","-","BACC Technique G2","2009"
"554","184","UniversitÃ©","-","Licence en management","2014"
"555","186","COLLEGE","Faux CAP Tsihombe","CEPE","1990"
"556","186","COLLEGE","CEG Antanimena","BEPC","1995"
"557","186","LycÃ©e","LMA Ampefiloha","BAC","1999"
"558","188","-","CollÃ©ge Rozeline","CEPE","0000"
"559","188","-","CEG Betroka","BEPC","1975"
"560","189","-","EPP Fianarantsoa","CEPE","0000"
"561","189","-","CEG Betroka","BEPC","1993"
"562","190","-","EPP Manandrina","CEPE","1991"
"563","190","-","CollÃ¨ge Hasina SAB/NAM","BEPC","1995"
"564","190","-","LTC Ampefiloha","BAE- BT","1998"
"565","191","-","-","CEPE","0000"
"566","192","-","KMM Soanierana","CEPE","2000"
"567","192","-","KMM Soanierana","BEPC","2005"
"568","193","-","CollÃ¨ge Hercula","CEPE","2001"
"569","193","-","St. Jean Bosco","BEPC","2005"
"570","193","-","St. Jean Bosco","BACC","2009"
"571","194","-","FJKM Anjozorobe","CEPE","1985"
"572","194","-","CEG Anjozorobe","BEPC","0000"
"573","194","-","LycÃ©e Anjozorobe","BACC","1994"
"574","195","-","-","BEPC","1992"
"575","196","-","KMM Soanierana","CEPE","2000"
"576","196","-","FJKM Ambohimamory","BEPC","2004"
"577","197","-","EPP Andoharanofotsy","CEPE","1994"
"578","197","-","CEG Andoharanofotsy","BEPC","2001"
"579","198","-","-","-","0000"
"580","199","-","RADAMATanjombato","CEPE","1982"
"581","199","-","CEG Tanjombato","BEPC","1987"
"582","200","-","CEG Anosibe","CEPE","1987"
"583","201","-","EPP Andoharanofotsy","CEPE","1982"
"584","201","-","CEG Tanjombato","BEPC","1988"
"585","203","-","Fandriana","CEPE","1985"
"587","204","-","Ankazomiriotra","CEPE","1978"
"588","204","-","Antsirabe","BEPC","1995"
"589","205","-","EPP Manandrina","CEPE","0000"
"590","207","-","EPP  Ankaditoho","CEPE","0000"
"591","208","-","EPP 67 ha","CEPE","1988"
"592","210","-","EPP Ambalavao","CEPE","0000"
"593","211","-","Notre Dame de Lourde","CEPE","1979"
"594","211","-","CollÃ©ge Andrianarisoa","BEPC","1986"
"595","211","-","CollÃ¨ge Andrianarisoa","BAC","1990"
"596","212","-","EPP Tantely","CEPE","1999"
"597","212","-","CEG Tsimbazaza","BEPC","2003"
"598","212","-","LycÃ©e RABEHARIVELO","BAC","2006"
"599","212","-","Info-SystÃ¨me","Management","2007"
"600","213","-","EPP Ambatomaro","CEPE","2000"
"601","213","-","CEG Ambatomaro","BEPC","2006"
"602","214","-","EPP Atsimo-Mahamasina","CEPE","0000"
"603","214","-","Ste Famille Mahamasina","BEPC","0000"
"604","214","-","ECA Antsirabe","BAE","1988"
"605","215","-","EPP Rova Fianarantsoa","CEPE","1991"
"606","215","-","St Laurent Ambohimamory","BEPC","1997"
"607","215","-","ACEEM","BAC","2008"
"608","216","-","EPP Ambaniomby","CEPE","1980"
"609","216","-","PrivÃ©e Farangana","BEPC","1987"
"610","217","-","FJKM ","CEPE","1983"
"611","218","-","EPP Betafo","CEPE","0000"
"612","218","-","CEG Ambohimanarina","BEPC","0000"
"613","219","-","SAFF. Ampefiloha","CEPE","1989"
"614","221","primaire","EPP","CEPE","1971"
"615","221","COLLEGE","CollÃ©ge PrivÃ©e Ambohimamoro","BEPC","1977"
"616","221","Formation","Centre RAZANAPARANY","ComptabilitÃ© BAE","1986"
"617","221","Formation","Centre AFACO","Informatique","1987"
"618","221","Formation","Centre ADAMA ","Informatique programmeur","1989"
"619","221","Formation","Centre ADAMA","Technique de Gestion Administrative","1997"
"620","222","COLLEGE","Ecole PrivÃ©e TECNIMAD","CEPE","1984"
"621","223","COLLEGE","St FranÃ§ois Xavier","CEPE","1972"
"622","225","Formation","ELT","Informatique bureautique","1999"
"623","225","Formation","LABO-LANGUE DMT","Certificat en Anglais","2003"
"624","226","COLLEGE","SAB/NAM","CEPE","1977"
"625","229","-","CEG Fandriana","BEPC","1995"
"626","230","-","Ecole la Bonne Etoile","CEPE","0000"
"627","230","-","Ecole la Bonne Etoile","BEPC","2003"
"628","230","-","CollÃ¨ge la FraternitÃ©","BAC","2000"
"629","231","-","CollÃ¨ge RAINITSOALAMBO","CEPE","1990"
"630","231","-","CollÃ¨ge FraternitÃ©","BAE","1998"
"631","231","-","CollÃ¨ge FraternitÃ©","BT","2000"
"632","232","-","LycÃ©e Mampitasoa Ampitatafika","BAC","2009"
"633","233","-","EPP Mahamasina","CEPE","1989"
"634","233","-","CEG Fianarantsoa","BEPC","1994"
"635","233","-","CFP ANATIHAZO","BAE","1998"
"636","234","-","EPP Tiamaninazy","CEPE","2001"
"637","234","-","CIAP Ivato","BEPC","2006"
"638","234","-","LTP AMBOHIDRATRIMO","BEP","2007"
"639","234","-","LTP AMBOHIDRATRIMO","BT","2008"
"640","235","-","EPP Fianarantsoa","CEPE","1991"
"641","235","-","CEG Fianarantsoa","BEPC","2000"
"642","235","-","Ecole Thechnique Fianarantsoa","BT","2003"
"643","236","-","EPP Alasora","CEPE","1978"
"644","237","-","EPP Ambatomanga","CEPE","1968"
"645","238","-","EPP Antsirabe","CEPE","2004"
"646","238","-","CollÃ¨ge Lutherien Antsirabe","BEPC","2008"
"647","239","-","Fomasin'i Jesoa F/tsoa","CEPE","1985"
"648","239","-","Fomasin'i Jesoa F/tsoa","BEPC","1991"
"649","240","-","CollÃ¨ge Fitsimbinana","CEPE","1991"
"650","240","-","CollÃ¨ge Madecasse","BEPC","1996"
"651","240","-","-","-","0000"
"652","241","-","EPP Ampahitrosy","CEPE","1979"
"653","241","-","CEG Ampahitrosy","BEPC","1983"
"654","241","-","TECHNIQUE TEFISO Mahamasina","CFE-FP2","1989"
"655","242","-","EPP Manambodro","CEPE","1990"
"656","243","-","EPP Andavamamba Anatihazo","CEPE","1980"
"657","244","-","EPP Mandroseza","CEPE","1978"
"658","244","-","CEG Ambohipo","BEPC","1983"
"659","246","-","CollÃ¨ge St Joseph","CEPE","1970"
"660","247","-","CEG Analamahitsy","BEPC","2006"
"661","247","-","Arcad Itaosy","Bacc","2013"
"662","248","-","EPP Centre Farafangana","CEPE","2000"
"663","249","-","Ste ThÃ©rÃ¨se Ouest A/hary","CEPE","1991"
"664","249","-","Ste ThÃ©rÃ¨se Ouest A/hary","CEPE","1991"
"665","250","-","EPP Itaosy","CEPE","1999"
"666","250","-","CollÃ¨ge St Jean Baptiste","BEPC","2005"
"667","251","-","EPP Ampasanimalo","CEPE","1995"
"668","252","-","St. Francois Xavier Antanimena","CEPE","1991"
"669","254","-","Ecole PrivÃ©e Amorondria","CEPE","1994"
"671","254","-","Centre Formation Professionnelle","CFE-FP2","2010"
"672","254","-","Centre Formation Professionnelle","CFE-FP2","2010"
"673","255","-","EPP  Betongolo ","CEPE","1990"
"674","255","-","CEG Nanisana","BEPC","1994"
"675","255","-","LTP Ampasapito","BAE","1998"
"677","255","-","LTP Ampasapito","BT","2000"
"678","257","-","St. Vincent Amb/laza","CEPE","1988"
"680","258","-","-","CEPE","0000"
"682","258","-","-","BEPC","0000"
"683","259","-","EPP  Anosisoa","CEPE","0000"
"684","259","-","CEG  Anosisoa","BEPC","0000"
"685","260","-","-","CEPE","1985"
"686","261","-","-","BEPC","1988"
"687","261","-","-","BEPC","1988"
"688","262","-","LycÃ©e Nanisana","Bacc","2006"
"689","267","-","St. Joseph de Clunet","CEPE","2002"
"690","267","-","St. Joseph de Clunet","CEPE","2002"
"691","267","-","St. Chantal","BEPC","2007"
"692","267","-","St. Chantal","BEPC","2007"
"695","268","-","EPP  Morondava","CEPE","0000"
"696","268","-","CEG  Diego","BEPC","0000"
"697","268","-","CEG  Diego","BEPC","0000"
"699","269","-","Les Eglatine","CEPE","0000"
"700","269","-","Le Petite Cherubain","BEPC","2004"
"701","269","-","Le Petite Cherubain","Bacc","2008"
"702","269","-","Le Petite Cherubain","Bacc","2008"
"703","265","-","EPP  Betongolo ","CEPE","0000"
"704","265","-","CEG  Anosisoa","BEPC","0000"
"705","265","-","LTP Ampasapito","F.P.Q","2008"
"706","264","-","K.M.M","CEPE","1999"
"708","264","-","CEG  Tsimbazaza","BEPC","2004"
"710","264","-","LycÃ©e RABEARIVELO","Bacc","2008"
"712","270","-","Str. Louis Manakambahiny","CEPE","0000"
"713","271","-","LTC Ampefiloha","Bacc","2008"
"714","271","-","LTC Ampefiloha","Bacc+2","2010"
"716","271","-","CNTEMAD","Bacc+3","2013"
"717","271","-","CNTEMAD","Bacc+4","2014"
"718","272","-","CollÃ¨ge Faneva","BEPC","1992"
"719","272","-","CollÃ¨ge Faneva","BEPC","1992"
"720","273","-","RASALAMA ","CEPE","1975"
"721","273","-","ADAMA","BAE","1991"
"722","275","-","EPP  Amb/zoka","CEPE","1999"
"723","275","-","CEG Amb/zoka","BEPC","2003"
"724","276","-","Antanjaza Boeny","BEPC","2000"
"725","276","-","Antanjaza Boeny","BEPC","2000"
"726","277","-","CollÃ¨ge Lutheriane Manakara","CEPE","1999"
"728","277","-","CEG Manakara","BEPC","2003"
"729","277","-","CEG Manakara","BEPC","2003"
"730","278","-","-","BEPC","0000"
"731","280","-","EPP  Tsarahonenana","CEPE","1993"
"733","280","-","CEG Nanisana","BEPC","2000"
"734","281","-","-","CEPE","1981"
"735","282","-","BMA  Fenoiarivo","CEPE ","1990"
"736","282","-","CEG  Fenoarivo","BEPC","1995"
"738","282","-","LTP Ampasapito","Bacc","2003"
"739","282","-","LTP Ampasapito","Bacc","2003"
"740","284","-","CEG  Antanimbarinandriana","BEPC","1986"
"741","285","-","St.Joseph","CEPE","1984"
"742","285","-","St.Joseph","CEPE","1984"
"743","286","-","EPP Behenjy","CEPE","1999"
"746","286","-","EKAR  Behenjy","BEPC","2003"
"747","286","-","LTC Ampefiloha","BEP","2006"
"750","286","-","LTC Ampefiloha","Bacc","2008"
"752","286","-","IHEC Sekoly  RAZANAMPARANY","Licence","2008"
"753","287","-","EPP  Fianarantsoa","CEPE","0000"
"754","287","-","CEG  Fianarantsoa","BEPC","0000"
"755","288","-","EPP  Andapa","CEPE","1999"
"756","288","-","CEG  Andapa","BEPC","2001"
"757","289","-","CollÃ¨ge Ivato AÃ©roport","CEPE","1985"
"758","289","-","CollÃ¨ge Ivato AÃ©roport","BEPC","1989"
"759","291","-","EPP  Fonenana","CEPE","1986"
"760","292","-","EPP  Bemahatazana","CEPE","1987"
"762","293","-","-","CEPE","1974"
"763","294","Diplome","EPP  Fiadanana","CEPE ","1968"
"764","295","-","EPP  Akany Sambatra","CEPE","1999"
"765","295","-","CEG  Andranonahotra","BEPC","2003"
"766","295","-","St. Michel Itaosy","Bacc","2006"
"767","296","-","CollÃ¨ge Avotra ","CEPE","1997"
"768","296","-","CollÃ¨ge Avotra ","BEPC","2000"
"769","296","-","CollÃ¨ge PrivÃ©e","BEP","2003"
"770","297","-","EPP Fiadanana","CEPE","1966"
"771","298","-","EPP  Ambohitrimanjaka","CEPE","0000"
"772","298","-","CEG Nanisana","BEPC","0000"
"773","299","-","Institution RADAMA","CEPE","1998"
"774","299","-","Ecole Diavolana","BEPC","2003"
"775","301","-","-","CEPE","0000"
"776","301","-","-","BEPC","0000"
"777","302","-","EPP  Soanierana Ivongo","CEPE","0000"
"778","303","-","-","CEPE","1992"
"779","303","-","CEG Nanisana","BEPC","1996"
"780","303","-","Sekoly Razanaparany","Bacc","2010"
"781","304","-","Marie TherÃ¨se Anatihazo","CEPE","1989"
"782","304","-","St.Joseph Mahamasina","BEPC","1999"
"783","304","-","Cours ARCAD","Bacc","2006"
"784","305","-","EPP  Tsarahonenana","CEPE","1978"
"785","307","-","CollÃ¨ge Ste Chantal","CEPE","1987"
"786","307","-","Ste Chantal","BEPC","1994"
"787","307","-","LTC Ampefiloha","BAE G2","1997"
"789","307","-","LTC Ampefiloha","BT G2","1998"
"791","308","-","CollÃ¨ge Catholique","CEPE","1986"
"792","308","-","CollÃ¨ge Catholique","BEPC","1990"
"793","308","-","LTC Ampefiloha","BAE","1995"
"794","308","-","LTC Ampefiloha","Bacc","1998"
"795","309","-","Ste. Chantal","CEPE","1990"
"796","309","-","CEG Tsimbazaza","BEPC","1995"
"797","309","-","RAZANAPARANY","Bacc","2008"
"798","310","-","EPP  Marovoay","CEPE","1989"
"799","310","-","CEG  Marovoay","BEPC","1996"
"800","310","-","LycÃ©e Mahajanga","Bacc","1999"
"801","312","-","K.M.M/Soanierana","CEPE","1999"
"802","312","-","La Gloire de Dieu","BEPC","2006"
"803","313","-","EPP Charles Renel Majunga","CEPE","1992"
"804","314","-","CollÃ¨ge Catholique","CEPE","1991"
"805","314","-","IHEC Sekoly  RAZANAMPARANY","BAE","2009"
"806","315","-","CEG Toliara","BEPC","1982"
"807","316","-","LycÃ©e ThÃ©chnique Toliara","Bacc","2006"
"808","317","-","LycÃ©e Botokeky ","Bacc","1990"
"809","318","-","EPP  Toliara","CEPE","0000"
"810","318","-","CEG Mahavatse","BEPC","0000"
"811","319","-","CollÃ¨ge St.Joseph Ivato","CEPE","1993"
"813","319","-","LTP Majunga","Bacc","2005"
"814","320","-","EPP  Vangaindrano","CEPE","0000"
"815","320","-","CEG  Vangaindrano","BEPC","0000"
"816","321","-","EPP  Ezaka","CEPE","2005"
"817","321","-","CEG Talamarina","BEPC","2010"
"818","321","-","CEG Talamarina","BEPC","2010"
"920","227",,"College Sainte Chantal","CEPE","1975"
"921","227",,"College Sainte Chantal","BEPC","1979"
"922","227",,"Paul Minault Androhibe","BACC A1","1983"
"923","227",,"FacultÃ© des lettres Ankatso ","Lettresnglaises 2Ã¨me annÃ©e ","1985"
"924","227",,"FacultÃ© des lettres Ankatso","Lettres francaises 2eme annÃ©e","1988"
"925","227",,"Centre Culturel AmÃ©ricain CNELA","langue anglaise","1984"
"949","11","Gestion","UniversitÃ© Antananarivo","DEUG","2007"
"950","11","Gestion Administration","IUM","Licence","2010"
"951","10",,"EPP Iakora","CEPE","1988"
"952","10",,"CEG Iakora","BEPC","1991"
"953","10",,"Terminal D DINEC","DSPS","1999"
"998","276","-","RESATAURATION CUISINIER INTERNATIONALE","-","2009"
"999","276","-","RESTAURATION PATISSERIE","-","2009"
"1000","276","-","UNIVERS INFORMATIQUE","-","2009"
"1129","21","Institut","ETEC Faravohitra","MASTER I","2017"
"1130","21","Institut","ETEC Faravohitra","MASTER II","2018"
